2025-09-23 11:25:16.177997,What does the nitrogen dioxide level suggest for Bokaro?,"The nitrogen dioxide level in Bokaro is showing a significant increasing trend, which could be a cause for concern. This might be due to rising air pollution from industrial activities or vehicular emissions. 

As a farmer, you might want to consider this when planning your crop growth. High nitrogen dioxide levels can affect plant growth and soil health. However, the soil moisture level in Bokaro is adequate, which is a positive sign for crop growth.",Helpful,"- **Nitrogen Dioxide (NO2)** shows a significant increasing trend (Slope Score: 0.5608967755127338), which could be worrying as it might indicate rising air pollution from industrial activities or veh; index and a moderate increase in Nitrogen Dioxide levels. The soil moisture mean at 0.4095 is adequate, potentially supporting crop growth.; by the slope score, and Nitrogen Dioxide (NO2) levels show a moderate increase.; - **Nitrogen Dioxide (NO2)** shows a significant increasing trend (Slope Score: 0.5608967755127338), which could be worrying as it might indicate rising air pollution from industrial activities or veh; - **Nitrogen Dioxide (NO2)** shows a significant increasing trend (Slope Score: 0.5608967755127338), which could be worrying as it might indicate rising air pollution from industrial activities or veh"
2025-09-23 11:40:09.606359,What does the water index indicate for Bokaro?,"According to the context, the Normalized Difference Water Index (NDWI) for Bokaro has a slight negative trend (-0.1294). This indicates a potential decrease in surface water or moisture content in soil and plants.",Helpful,"3. **Normalized Difference Water Index (NDWI)**: The perfect score of 1.0 showcases excellent water content in vegetation — a very positive sign for crop health and water management efficiency in the ; **Water Index and Vegetation:**; - **Normalized Difference Water Index** has a slight negative trend (-0.1294), indicating a potential decrease in surface water or moisture content in soil and plants.
- **Normalized Difference Vegeta; 3. **Normalized Difference Water Index (NDWI)**: The perfect score of 1.0 showcases excellent water content in vegetation — a very positive sign for crop health and water management efficiency in the ; 3. **Normalized Difference Water Index (NDWI)**: The perfect score of 1.0 showcases excellent water content in vegetation — a very positive sign for crop health and water management efficiency in the "
2025-09-23 11:40:30.740815,How is the air quality changing in Bokaro?,"I see you're asking about the air quality in Bokaro. Based on the context provided, it seems that the air quality in Bokaro is reasonable, with low particulate matter (PM2.5 index: 7) and a moderate increase in Nitrogen Dioxide (NO2 slope score: 0.559). However, it's recommended to watch for potential increases in NO2 and implement strategies to reduce exposure.

As Agribot, I'd like to focus on the impact of air quality on agriculture. The improving air quality, indicated by lower PM2.5 levels, is favorable for agricultural productivity. However, the increasing NO2 levels might affect plant growth and crop yields. To mitigate this, farmers in Bokaro can consider using tree barriers to reduce exposure to NO2 and monitor wind patterns for spray applications to minimize the impact of pollutants on crops.

If you have any specific questions about agriculture or farming in Bokaro, I'd be happy to help.",Not Helpful,"5. **Air Quality (PM2.5 and NO2):** Low particulate matter (index: 7) and a moderate increase in NO2 (slope score: 0.559) suggest reasonable air quality but watch for potential increases in NO2. Imple; 4. **Particulate Matter (PM2.5)** and **Nitrogen Dioxide (NO2)** levels show a negative trend for particulate matter and a positive trend for nitrogen dioxide. Lower PM2.5 levels (with a score of -0.3; Particulate matter (PM2.5) is relatively low, with an index of 12.0 and a positive trend in concentration (Slope Score of 0.777). This suggests improving air quality, which is favorable for both human; 5. **Air Quality (PM2.5 and NO2):** Low particulate matter (index: 7) and a moderate increase in NO2 (slope score: 0.559) suggest reasonable air quality but watch for potential increases in NO2. Imple; 5. **Air Quality (PM2.5 and NO2):** Low particulate matter (index: 7) and a moderate increase in NO2 (slope score: 0.559) suggest reasonable air quality but watch for potential increases in NO2. Imple"
